{
  "metrics": {
    "accuracy": 0.7958979489744873,
    "precision_macro": 0.7960772319639319,
    "precision_weighted": 0.7960189134349096,
    "recall_macro": 0.7959883159957786,
    "recall_weighted": 0.7958979489744873,
    "f1_macro": 0.7936180164061735,
    "f1_weighted": 0.7935426371992054
  },
  "confusion_matrix": [
    [
      164,
      2,
      4,
      1,
      2,
      10,
      0,
      3,
      7,
      7
    ],
    [
      0,
      196,
      0,
      2,
      0,
      1,
      0,
      0,
      0,
      1
    ],
    [
      17,
      9,
      149,
      2,
      0,
      9,
      1,
      4,
      1,
      8
    ],
    [
      5,
      2,
      6,
      156,
      5,
      0,
      1,
      10,
      4,
      11
    ],
    [
      7,
      0,
      2,
      4,
      162,
      1,
      7,
      6,
      11,
      0
    ],
    [
      7,
      7,
      6,
      1,
      0,
      175,
      0,
      0,
      1,
      1
    ],
    [
      3,
      0,
      2,
      2,
      2,
      0,
      179,
      0,
      1,
      11
    ],
    [
      5,
      2,
      10,
      14,
      4,
      0,
      2,
      159,
      1,
      4
    ],
    [
      11,
      3,
      4,
      15,
      15,
      2,
      1,
      2,
      144,
      3
    ],
    [
      19,
      1,
      32,
      7,
      3,
      6,
      6,
      14,
      5,
      107
    ]
  ],
  "classification_report": "              precision    recall  f1-score   support\n\n       blues       0.69      0.82      0.75       200\n   classical       0.88      0.98      0.93       200\n     country       0.69      0.74      0.72       200\n       disco       0.76      0.78      0.77       200\n      hiphop       0.84      0.81      0.82       200\n        jazz       0.86      0.88      0.87       198\n       metal       0.91      0.90      0.90       200\n         pop       0.80      0.79      0.80       201\n      reggae       0.82      0.72      0.77       200\n        rock       0.70      0.54      0.61       200\n\n    accuracy                           0.80      1999\n   macro avg       0.80      0.80      0.79      1999\nweighted avg       0.80      0.80      0.79      1999\n"
}