{
  "metrics": {
    "accuracy": 0.62,
    "precision_macro": 0.6537349917298767,
    "precision_weighted": 0.6537349917298766,
    "recall_macro": 0.62,
    "recall_weighted": 0.62,
    "f1_macro": 0.6265669368457089,
    "f1_weighted": 0.6265669368457089
  },
  "confusion_matrix": [
    [
      14,
      0,
      1,
      2,
      1,
      0,
      0,
      0,
      1,
      1
    ],
    [
      1,
      18,
      0,
      0,
      0,
      0,
      0,
      0,
      0,
      1
    ],
    [
      4,
      0,
      9,
      1,
      0,
      2,
      0,
      1,
      1,
      2
    ],
    [
      0,
      0,
      1,
      11,
      1,
      0,
      0,
      0,
      1,
      6
    ],
    [
      0,
      0,
      0,
      5,
      11,
      0,
      0,
      0,
      4,
      0
    ],
    [
      1,
      1,
      2,
      0,
      0,
      13,
      0,
      1,
      1,
      1
    ],
    [
      1,
      0,
      0,
      0,
      2,
      0,
      12,
      0,
      2,
      3
    ],
    [
      0,
      0,
      3,
      2,
      1,
      1,
      0,
      11,
      1,
      1
    ],
    [
      1,
      0,
      0,
      3,
      1,
      0,
      0,
      1,
      14,
      0
    ],
    [
      1,
      1,
      2,
      1,
      0,
      0,
      0,
      2,
      2,
      11
    ]
  ],
  "classification_report": "              precision    recall  f1-score   support\n\n       blues       0.61      0.70      0.65        20\n   classical       0.90      0.90      0.90        20\n     country       0.50      0.45      0.47        20\n       disco       0.44      0.55      0.49        20\n      hiphop       0.65      0.55      0.59        20\n        jazz       0.81      0.65      0.72        20\n       metal       1.00      0.60      0.75        20\n         pop       0.69      0.55      0.61        20\n      reggae       0.52      0.70      0.60        20\n        rock       0.42      0.55      0.48        20\n\n    accuracy                           0.62       200\n   macro avg       0.65      0.62      0.63       200\nweighted avg       0.65      0.62      0.63       200\n"
}