{
  "metrics": {
    "accuracy": 0.66,
    "precision_macro": 0.6928199255283701,
    "precision_weighted": 0.69281992552837,
    "recall_macro": 0.66,
    "recall_weighted": 0.66,
    "f1_macro": 0.6608262919788271,
    "f1_weighted": 0.6608262919788271
  },
  "confusion_matrix": [
    [
      9,
      0,
      4,
      4,
      0,
      2,
      0,
      0,
      0,
      1
    ],
    [
      0,
      17,
      0,
      0,
      0,
      1,
      0,
      1,
      0,
      1
    ],
    [
      0,
      0,
      15,
      2,
      0,
      0,
      0,
      0,
      1,
      2
    ],
    [
      1,
      0,
      1,
      13,
      2,
      0,
      1,
      2,
      0,
      0
    ],
    [
      1,
      0,
      1,
      2,
      14,
      0,
      0,
      2,
      0,
      0
    ],
    [
      0,
      1,
      3,
      0,
      0,
      13,
      0,
      0,
      0,
      3
    ],
    [
      0,
      0,
      0,
      2,
      0,
      0,
      17,
      0,
      0,
      1
    ],
    [
      0,
      1,
      0,
      3,
      0,
      0,
      0,
      15,
      1,
      0
    ],
    [
      1,
      0,
      1,
      0,
      2,
      1,
      0,
      6,
      9,
      0
    ],
    [
      0,
      1,
      4,
      0,
      0,
      0,
      1,
      4,
      0,
      10
    ]
  ],
  "classification_report": "              precision    recall  f1-score   support\n\n       blues       0.75      0.45      0.56        20\n   classical       0.85      0.85      0.85        20\n     country       0.52      0.75      0.61        20\n       disco       0.50      0.65      0.57        20\n      hiphop       0.78      0.70      0.74        20\n        jazz       0.76      0.65      0.70        20\n       metal       0.89      0.85      0.87        20\n         pop       0.50      0.75      0.60        20\n      reggae       0.82      0.45      0.58        20\n        rock       0.56      0.50      0.53        20\n\n    accuracy                           0.66       200\n   macro avg       0.69      0.66      0.66       200\nweighted avg       0.69      0.66      0.66       200\n"
}