{
  "metrics": {
    "accuracy": 0.7263681592039801,
    "precision_macro": 0.7289001115320269,
    "precision_weighted": 0.7298162476849067,
    "recall_macro": 0.725,
    "recall_weighted": 0.7263681592039801,
    "f1_macro": 0.7246063840999207,
    "f1_weighted": 0.7257503595747742
  },
  "confusion_matrix": [
    [
      15,
      0,
      1,
      1,
      0,
      0,
      0,
      0,
      2,
      1
    ],
    [
      1,
      17,
      0,
      0,
      0,
      1,
      0,
      0,
      0,
      1
    ],
    [
      0,
      0,
      15,
      0,
      0,
      1,
      0,
      0,
      1,
      3
    ],
    [
      0,
      0,
      1,
      13,
      2,
      0,
      0,
      3,
      0,
      1
    ],
    [
      1,
      0,
      1,
      0,
      12,
      0,
      0,
      1,
      5,
      0
    ],
    [
      0,
      2,
      0,
      0,
      0,
      16,
      0,
      1,
      1,
      0
    ],
    [
      0,
      0,
      0,
      0,
      0,
      0,
      21,
      0,
      0,
      0
    ],
    [
      0,
      1,
      3,
      0,
      0,
      0,
      0,
      15,
      0,
      1
    ],
    [
      0,
      0,
      0,
      1,
      3,
      0,
      0,
      4,
      11,
      1
    ],
    [
      1,
      0,
      2,
      2,
      0,
      1,
      2,
      0,
      1,
      11
    ]
  ],
  "classification_report": "              precision    recall  f1-score   support\n\n       blues       0.83      0.75      0.79        20\n   classical       0.85      0.85      0.85        20\n     country       0.65      0.75      0.70        20\n       disco       0.76      0.65      0.70        20\n      hiphop       0.71      0.60      0.65        20\n        jazz       0.84      0.80      0.82        20\n       metal       0.91      1.00      0.95        21\n         pop       0.62      0.75      0.68        20\n      reggae       0.52      0.55      0.54        20\n        rock       0.58      0.55      0.56        20\n\n    accuracy                           0.73       201\n   macro avg       0.73      0.72      0.72       201\nweighted avg       0.73      0.73      0.73       201\n"
}