{
  "metrics": {
    "accuracy": 0.705,
    "precision_macro": 0.718324615887545,
    "precision_weighted": 0.7183246158875449,
    "recall_macro": 0.705,
    "recall_weighted": 0.705,
    "f1_macro": 0.7072833415402899,
    "f1_weighted": 0.7072833415402898
  },
  "confusion_matrix": [
    [
      12,
      0,
      2,
      2,
      1,
      1,
      0,
      0,
      0,
      2
    ],
    [
      0,
      19,
      0,
      0,
      0,
      0,
      0,
      0,
      0,
      1
    ],
    [
      2,
      0,
      15,
      1,
      0,
      1,
      0,
      0,
      0,
      1
    ],
    [
      0,
      0,
      1,
      11,
      3,
      0,
      0,
      1,
      1,
      3
    ],
    [
      1,
      0,
      1,
      1,
      16,
      0,
      0,
      1,
      0,
      0
    ],
    [
      0,
      1,
      1,
      1,
      0,
      15,
      0,
      0,
      1,
      1
    ],
    [
      0,
      0,
      0,
      1,
      0,
      0,
      17,
      0,
      0,
      2
    ],
    [
      0,
      0,
      2,
      2,
      1,
      2,
      0,
      13,
      0,
      0
    ],
    [
      0,
      0,
      0,
      1,
      2,
      0,
      0,
      3,
      13,
      1
    ],
    [
      0,
      0,
      3,
      2,
      0,
      1,
      2,
      2,
      0,
      10
    ]
  ],
  "classification_report": "              precision    recall  f1-score   support\n\n       blues       0.80      0.60      0.69        20\n   classical       0.95      0.95      0.95        20\n     country       0.60      0.75      0.67        20\n       disco       0.50      0.55      0.52        20\n      hiphop       0.70      0.80      0.74        20\n        jazz       0.75      0.75      0.75        20\n       metal       0.89      0.85      0.87        20\n         pop       0.65      0.65      0.65        20\n      reggae       0.87      0.65      0.74        20\n        rock       0.48      0.50      0.49        20\n\n    accuracy                           0.70       200\n   macro avg       0.72      0.70      0.71       200\nweighted avg       0.72      0.70      0.71       200\n"
}