{
  "metrics": {
    "accuracy": 0.77,
    "precision_macro": 0.7823362383230804,
    "precision_weighted": 0.7823362383230804,
    "recall_macro": 0.77,
    "recall_weighted": 0.77,
    "f1_macro": 0.7736918454468826,
    "f1_weighted": 0.7736918454468825
  },
  "confusion_matrix": [
    [
      15,
      0,
      0,
      3,
      0,
      1,
      0,
      0,
      0,
      1
    ],
    [
      0,
      19,
      0,
      0,
      0,
      1,
      0,
      0,
      0,
      0
    ],
    [
      0,
      0,
      16,
      2,
      0,
      0,
      0,
      0,
      1,
      1
    ],
    [
      0,
      0,
      1,
      13,
      1,
      0,
      0,
      2,
      1,
      2
    ],
    [
      1,
      0,
      0,
      2,
      16,
      0,
      0,
      0,
      1,
      0
    ],
    [
      0,
      1,
      0,
      0,
      0,
      15,
      0,
      0,
      1,
      3
    ],
    [
      0,
      0,
      0,
      1,
      0,
      0,
      19,
      0,
      0,
      0
    ],
    [
      0,
      1,
      1,
      3,
      0,
      1,
      0,
      14,
      0,
      0
    ],
    [
      0,
      0,
      0,
      1,
      2,
      0,
      0,
      2,
      15,
      0
    ],
    [
      0,
      0,
      1,
      1,
      0,
      1,
      1,
      4,
      0,
      12
    ]
  ],
  "classification_report": "              precision    recall  f1-score   support\n\n       blues       0.94      0.75      0.83        20\n   classical       0.90      0.95      0.93        20\n     country       0.84      0.80      0.82        20\n       disco       0.50      0.65      0.57        20\n      hiphop       0.84      0.80      0.82        20\n        jazz       0.79      0.75      0.77        20\n       metal       0.95      0.95      0.95        20\n         pop       0.64      0.70      0.67        20\n      reggae       0.79      0.75      0.77        20\n        rock       0.63      0.60      0.62        20\n\n    accuracy                           0.77       200\n   macro avg       0.78      0.77      0.77       200\nweighted avg       0.78      0.77      0.77       200\n"
}